<?xml version="1.0" encoding="UTF-8"?>
<beans xmlns="http://www.springframework.org/schema/beans" xmlns:xsi="http://www.w3.org/2001/XMLSchema-instance" xmlns:tx="http://www.springframework.org/schema/tx" xmlns:util="http://www.springframework.org/schema/util" xmlns:context="http://www.springframework.org/schema/context" xmlns:jee="http://www.springframework.org/schema/jee"
    xmlns:aop="http://www.springframework.org/schema/aop" xmlns:mvc="http://www.springframework.org/schema/mvc"
    xsi:schemaLocation="
     http://www.springframework.org/schema/tx
     http://www.springframework.org/schema/tx/spring-tx-3.0.xsd
     http://www.springframework.org/schema/jee
     http://www.springframework.org/schema/jee/spring-jee-3.0.xsd
     http://www.springframework.org/schema/aop
     http://www.springframework.org/schema/aop/spring-aop-3.0.xsd
     http://www.springframework.org/schema/beans
     http://www.springframework.org/schema/beans/spring-beans-3.0.xsd
     http://www.springframework.org/schema/util
     http://www.springframework.org/schema/util/spring-util-3.0.xsd
     http://www.springframework.org/schema/context
     http://www.springframework.org/schema/context/spring-context-3.0.xsd
     http://www.springframework.org/schema/mvc
     http://www.springframework.org/schema/mvc/spring-mvc-3.0.xsd
     ">
    <context:component-scan base-package="org.umeframework.dora.web,org.umeframework.dora.bean" />
    <bean id="propertyConfigurer" class="org.springframework.beans.factory.config.PropertyPlaceholderConfigurer">
        <property name="order" value="1" />
        <property name="ignoreUnresolvablePlaceholders" value="true" />
        <property name="location">
              <value>classpath:config.properties</value>
        </property>
    </bean>

    <bean id="logger" class="org.umeframework.dora.log.impl.Log4j2Impl" scope="singleton"/>
    <bean id="beanFactory" class="org.umeframework.dora.bean.impl.BeanFactoryImpl" scope="singleton" />
    <bean id="ajaxParser" class="org.umeframework.dora.ajax.impl.JSONParserImpl" scope="singleton" />
    <bean id="ajaxRender" class="org.umeframework.dora.ajax.impl.JSONRenderImpl" scope="singleton" />
    <bean id="messageProperties" class="org.umeframework.dora.message.impl.MessagePropertiesImpl" scope="singleton" init-method="init">
        <constructor-arg value="${messageProperties.location}" />
    </bean>
    
    <bean id="cacheManager" class="org.umeframework.dora.cache.impl.TempMemoryCachedImpl" scope="singleton" init-method="init" destroy-method="shutdown" />
    
    <bean id="dataSource" class="org.apache.commons.dbcp.BasicDataSource" destroy-method="close" scope="singleton">
        <property name="driverClassName" value="${jdbc.driverClassName}" />
        <property name="url" value="${jdbc.url}" />
        <property name="username" value="${jdbc.username}" />
        <property name="password" value="${jdbc.password}" />
        <property name="initialSize" value="${jdbc.initialSize}" />
        <property name="minIdle" value="${jdbc.minIdle}" />
        <property name="maxIdle" value="${jdbc.maxIdle}" />
        <property name="maxActive" value="${jdbc.maxActive}" />
        <property name="maxWait" value="${jdbc.maxWait}" />
        <property name="defaultAutoCommit" value="${jdbc.defaultAutoCommit}" />
    </bean>
    <bean id="myBatisStatementInterceptor" class="org.umeframework.dora.dao.mybatis.ex.StatementHandlerInterceptor" />
    <bean id="sqlSessionFactory" class="org.mybatis.spring.SqlSessionFactoryBean" scope="singleton">
        <property name="dataSource" ref="dataSource" />
        <property name="configLocation" value="${sqlMapConfig.location}" />
        <property name="plugins">
            <list>
                <ref bean="myBatisStatementInterceptor" />
            </list>
        </property>
    </bean>

    <bean name="dao" class="org.umeframework.dora.dao.impl.BatisDaoImpl" scope="singleton">
        <property name="sqlSessionFactory" ref="sqlSessionFactory" />
    </bean>
    <bean name="jdbcDao" class="org.umeframework.dora.dao.impl.JdbcDaoImpl" scope="singleton">
        <property name="dataSource" ref="dataSource" />
    </bean>
    <bean id="jdbcDataSourceManager" class="org.umeframework.dora.connection.impl.JdbcDataSourceManagerImpl" scope="singleton"/>
    <bean id="transactionManager" class="org.umeframework.dora.transaction.impl.TransactionManagerImpl" scope="prototype">
        <property name="platformTransactionManager" ref="platformTransactionManager" />
    </bean>
    <bean id="platformTransactionManager" class="org.springframework.jdbc.datasource.DataSourceTransactionManager" scope="prototype" >
        <property name="dataSource" ref="dataSource" />
    </bean>
    <bean id="exceptionHandler" class="org.umeframework.dora.exception.impl.ExceptionHandlerImpl" scope="singleton" />
    <bean id="serviceMappingConfigProperties" class="org.umeframework.dora.prop.impl.ConfigPropertiesImpl" scope="singleton" init-method="init" destroy-method="destroy">
        <constructor-arg value="${serviceMapping.location}" />
    </bean>
    <bean id="serviceMapping" class="org.umeframework.dora.service.impl.ServiceMappingImpl" scope="singleton" init-method="init" destroy-method="destroy" />
    <bean id="userLoginService" class="org.umeframework.dora.service.impl.UserLoginServiceImpl" scope="singleton" />

    <bean id="serviceAuthenticateInterceptor" class="org.umeframework.dora.interceptor.impl.ServiceAuthenticateInterceptor" scope="singleton"  />
    <bean id="serviceInterceptor" class="org.umeframework.dora.interceptor.impl.ServiceInterceptor" scope="singleton"/>
    <bean id="transactionalServiceInterceptor" class="org.umeframework.dora.interceptor.impl.TransactionalServiceInterceptor" scope="singleton"/>
    <bean id="serviceInputInterceptor" class="org.umeframework.dora.interceptor.impl.ServiceInputInterceptor" scope="singleton" />
    <bean id="serviceOutputInterceptor" class="org.umeframework.dora.interceptor.impl.ServiceOutputInterceptor" scope="singleton" />
    
    <bean id="securityHelper" class="org.umeframework.dora.sec.impl.SecurityHelper">
        <property name="secretKey" value="${securityHelper.secretKey}" />
    </bean>
    <bean id="serviceInputDecryptInterceptor" class="org.umeframework.dora.interceptor.impl.ServiceInputInterceptor" scope="singleton">
        <property name="decryptor" ref="securityHelper" />
    </bean>
    <bean id="serviceOutputEncryptInterceptor" class="org.umeframework.dora.interceptor.impl.ServiceOutputInterceptor" scope="singleton">
        <property name="encryptor" ref="securityHelper" />
    </bean>
    
    <bean name="sys" class="org.umeframework.dora.interceptor.impl.DefaultInterceptorChain" scope="prototype">
        <property name="interceptorList">
            <util:list id="list_defaultInterceptorChain">
                <ref bean="serviceAuthenticateInterceptor" />
                <ref bean="serviceInputInterceptor" />
                <ref bean="transactionalServiceInterceptor" />
                <ref bean="serviceOutputInterceptor" />
            </util:list>
        </property> 
    </bean>
    <bean name="syss" class="org.umeframework.dora.interceptor.impl.DefaultInterceptorChain" scope="prototype">
        <property name="interceptorList">
            <util:list id="list_securityInterceptorChain">
                <ref bean="serviceAuthenticateInterceptor" />
                <ref bean="serviceInputDecryptInterceptor" />
                <ref bean="transactionalServiceInterceptor" />
                <ref bean="serviceOutputEncryptInterceptor" />
            </util:list>
        </property> 
    </bean>  
    <bean id="httpProxy" class="org.umeframework.dora.http.impl.HttpProxyImpl" scope="singleton">
        <!-- 
        <property name="appContentType" value="application/x-www-form-urlencoded" />
        <property name="entityContentType" value="application/x-www-form-urlencoded" />
        -->
        <property name="appContentType" value="application/json" />
        <property name="entityContentType" value="text/json" />
        <property name="entityCharset" value="UTF-8" />
        <property name="paramCharset" value="UTF-8" />
        <property name="useSSL" value="false" />
    </bean>
    <bean id="remoteServiceProxy" class="org.umeframework.dora.http.impl.RemoteServiceProxyImpl" scope="singleton"/>
    
    
</beans>